<?xml version="1.0" encoding="UTF-8" ?>
<!DOCTYPE mapper
PUBLIC "-//mybatis.org//DTD Mapper 3.0//EN"
"http://mybatis.org/dtd/mybatis-3-mapper.dtd">
<mapper namespace="b">
   <select id="board_list" resultType="board" parameterType="java.util.HashMap">
	select * from (select rank() over(order by ref desc, step) no, b.* from board b) 	
	where no between #{start} and #{end}
	</select>

	<insert id="board_insert" parameterType="board">
		insert into board values(seq_board_idx.nextVal,
								 #{name},
								 #{subject},
								 #{content},
								 #{pwd},
								 #{ip},
								 sysdate,
								 0,
								 seq_board_idx.currval,
								 0,
								 0,
								 0						 
								 )
	</insert>

	<select id="board_one" parameterType="int" resultType="board">
		select * from board where idx = #{idx}
	</select>
	
	<update id="board_readhit" parameterType="int">
		UPDATE BOARD
		SET READHIT = READHIT + 1
		WHERE IDX = #{idx}
	</update>
										<!-- vo.BoardVO -> board -->
	<update id="board_update_step" parameterType="board">
		update board set
		step = step + 1
		where ref = #{ref} and step > #{step}
	</update>
	
	<insert id="board_reply">
		insert into board values(
			seq_board_idx.nextVal,
			#{name},
			#{subject},
			#{content},
			#{pwd},
			#{ip},
			sysdate,
			0,
			#{ref},
			#{step},
			#{depth},
			0
		);
	</insert>
	
	
	<!-- 게시글 삭제 된것처럼 업데이트 하기
	이름과 제목을 우리가 넘긴 데이터로 수정 del_info 를 -1로 수정 -->
	<update id="del_update" parameterType="board">
	update board set
	name = #{name},
	subject = #{subject},
	del_info = -1
	where idx = #{idx}
	</update>
	
	
	<select id="board_count" resultType="int">
		select count(*) from board
	</select>
	
	

</mapper>












