<?xml version="1.0" encoding="UTF-8" ?>
<!DOCTYPE configuration
PUBLIC "-//mybatis.org//DTD Config 3.0//EN"
"http://mybatis.org/dtd/mybatis-3-config.dtd">
<configuration>
	<typeAliases>
		<typeAlias type="vo.BoardVO" alias="board"/>
	</typeAliases>

	<environments default="">
		<environment id="">
			<transactionManager type="JDBC" />
			<dataSource type="JNDI">
				<property name="data_source" 
				value="java:comp/env/jdbc/oracle_test"/>
			</dataSource>
		</environment>
	</environments>
	<mappers>
		<mapper resource="config/mybatis/mapper/board.xml" />
	</mappers>
</configuration>